Nest;Date;Year;Ring_no;Infection_intensity;Prevalence;Weight.2;Wing;Sex;Breathing_rate;body_temperature;TemperatureAvgC;Sampling_rank;Treatment;Growth_rate;Growth_rate_unlog;days_resample;body_condition.2;delta_body_condition;Age_in_days;avg_age;intensity_change;Diff_Inf_Class;Weight.1;body_condition.1;Infection_intensity.1
1;23/05/2020;2020;3121002;4;1;770;18.5;Male;34;38.8;13.94;2;Control;0.053075622;35;6;143.6504788;121.7696883;25.32421604;22.71251122;3;Increase;560;21.88079047;1
2;23/05/2020;2020;3121003;1;1;650;16.9;Male;33;39.5;13.94;2;Malarone;0.043727377;25;6;47.2942849;40.12348931;23.67104753;20.83410872;1;Increase;500;7.170795589;0
2;23/05/2020;2020;3121004;1;0;780;19.4;Female;40;39.9;13.94;2;Control;0.032970957;23.33333333;6;48.40899441;39.62329596;25.45827068;22.78474424;-1;Decrease;640;8.785698449;2
2;23/05/2020;2020;3121005;1;1;820;19;Female;33;41.1;13.94;2;Control;0.052062448;36.66666667;6;94.96264004;112.4981077;25.01461042;22.27617708;1;Increase;600;-17.53546766;0
3;29/05/2020;2020;3121006;0;0;670;16.7;Female;31;39.4;14.12;2;Malarone;0.050649288;28.57142857;7;-14.44913537;15.85624838;22.62008692;18.86961266;-100;Uninfected;470;-30.30538375;0
3;29/05/2020;2020;3121007;3;1;620;15.2;Female;33;39.5;14.12;2;Control;0.079657384;37.85714286;7;-34.84451842;70.86352048;21.16060379;17.43759507;3;Increase;355;-105.7080389;0
4;29/05/2020;2020;3121008;2;1;695;16.4;Female;30;39.6;14.12;2;Control;0.049929493;29.28571429;7;16.2530802;36.54544918;22.32358989;18.90058086;2;Increase;490;-20.29236898;0
4;29/05/2020;2020;3121009;0;0;710;15.4;Female;28;40;14.12;2;Control;0.062005497;35.71428571;7;51.04348038;77.51966523;21.35246986;17.98908403;-100;Uninfected;460;-26.47618484;0
4;29/05/2020;2020;3121010;0;0;580;13.7;Female;29;39.5;14.12;2;Control;0.062300297;29.28571429;7;-42.16148651;-1.7629922;19.72932981;15.93457743;-100;Uninfected;375;-40.39849431;0
5;29/05/2020;2020;3121011;0;0;665;18.9;Male;26;39.5;14.12;2;Malarone;0.040739849;23.57142857;7;33.0592196;50.58657297;25.75676563;22.43945741;-100;Uninfected;500;-17.52735337;0
5;29/05/2020;2020;3121012;0;0;595;15.7;Female;25;40;14.12;2;Control;0.036762131;19.28571429;7;-70.02545922;-26.35572669;21.6414955;18.44058828;-100;Uninfected;460;-43.66973253;0
5;29/05/2020;2020;3121013;2;1;300;11.2;Male;31;40;14.12;2;Control;0.020442978;5.714285714;7;-195.1734479;-90.42700969;18.1022541;15.31477835;2;Increase;260;-104.7464382;0
6;30/05/2020;2020;3121014;0;0;830;18.5;Female;28;40;15.15;2;Malarone;0.058786775;40;7;113.3515002;138.5498028;24.47256351;21.1706169;-2;Decrease;550;-25.19830266;2
6;30/05/2020;2020;3121015;0;0;800;17.3;Male;30;39.7;15.15;2;Control;0.058819246;38.57142857;7;191.1798213;165.5254875;24.0740352;21.29527715;-100;Uninfected;530;25.65433376;0
7;31/05/2020;2020;3121018;0;0;850;26.3;Male;30;39.2;14.7;2;Control;0.00866066;7.142857143;7;131.6969708;-15.12162144;35.63290422;31.60631981;-1;Decrease;800;146.8185923;1
7;31/05/2020;2020;3121019;0;0;870;26.6;Male;24;39.1;14.7;2;Malarone;0.008455553;7.142857143;7;148.7323107;-2.015224322;36.11018232;32.6462007;-2;Decrease;820;150.747535;2
8;04/06/2020;2020;3121027;4;1;395;16.6;Male;48;35.7;14.52;2;Control;-0.03248339;-14.16666667;6;-203.024132;-163.3630411;23.37259065;21.29705835;0;Peak;480;-39.66109094;4
8;04/06/2020;2020;3121028;3;1;710;19.1;Female;28;38;14.52;2;Malarone;0.033706144;21.66666667;6;-16.68861631;25.4728702;25.12466743;22.42699862;-1;Decrease;580;-42.16148651;4
9;13/06/2020;2020;3121040;3;1;790;21.8;Male;10;41.5;21.86;2;Control;0.041900902;28.125;8;120.747535;129.0167701;29.18221909;25.5493717;0;Peak;565;-8.269235053;3
9;13/06/2020;2020;3121041;2;1;900;24.4;Female;14;41.4;21.86;2;Malarone;0.027027889;21.875;8;96.27639166;55.72552704;31.88889109;27.25448901;-1;Decrease;725;40.55086463;3
9;13/06/2020;2020;3121042;2;1;870;24.4;Female;16;41.6;21.86;2;Control;0.02540353;20;8;66.27639166;50.00536259;31.88889109;27.50497585;2;Increase;710;16.27102907;0
10;13/06/2020;2020;3121045;0;0;880;22.9;Female;29;40.7;21.86;2;Control;0.032691653;25.71428571;7;96.23426435;78.7941231;29.77788503;26.14941157;-4;Decrease;700;17.44014125;4
11;29/05/2020;2020;3121051;1;1;750;19.3;Male;31;39.4;14.12;2;Control;0.050184182;32.5;6;112.5850635;99.63489447;26.19814287;23.24576121;1;Increase;555;12.95016902;0
11;29/05/2020;2020;3121052;0;0;810;19.2;Female;54;38.3;14.12;2;Control;0.067577518;45;6;81.66875013;142.455431;25.23529163;22.04830518;-100;Uninfected;540;-60.78668085;0
11;29/05/2020;2020;3121053;0;0;830;20.5;Female;17;40.2;14.12;2;Malarone;0.055477383;39.16666667;6;81.06023867;123.8971767;26.72808288;23.56257297;-100;Uninfected;595;-42.836938;0
12;29/05/2020;2020;3121054;0;0;870;22.7;Female;31;39.6;14.12;2;Malarone;0.035049235;27.5;6;88.99361198;79.54614519;29.50838869;26.36538568;-3;Decrease;705;9.447466794;3
12;29/05/2020;2020;3121055;1;1;800;20.3;Female;24;39.8;14.12;2;Control;0.047947012;33.33333333;6;54.14422035;108.9887388;26.49154533;23.82607456;1;Increase;600;-54.84451842;0
12;29/05/2020;2020;3121056;1;1;520;17.5;Male;30;40;14.12;2;Control;0.031673934;15;6;-91.82459571;12.30398058;24.27789613;22.09264211;-1;Decrease;430;-104.1285763;2
13;29/05/2020;2020;3121057;2;1;770;20.1;Male;28;40.2;14.12;2;Control;0.018283153;13.33333333;6;121.9691313;-1.779005424;27.1092284;24.3219045;2;Increase;690;123.7481368;0
13;29/05/2020;2020;3121058;2;1;840;17.2;Female;27;40.9;14.12;2;Malarone;0.083165194;55;6;146.2710291;197.8497321;23.12106062;20.23805825;0;Peak;510;-51.57870305;2
14;30/05/2020;2020;3121061;1;1;680;18.4;Male;33;39.7;15.15;2;Malarone;0.058977888;32.85714286;7;55.06718361;120.4432376;25.21739757;22.11987956;1;Increase;450;-65.37605398;0
14;30/05/2020;2020;3121062;0;0;770;16.1;Female;36;40.5;15.15;2;Control;0.058854256;37.14285714;7;97.06057338;103.8390198;22.02975194;18.87056479;-2;Decrease;510;-6.778446438;2
15;30/05/2020;2020;3121064;0;0;780;17;Female;38;40.5;15.15;2;Control;0.06210507;39.28571429;7;89.95017759;101.728624;22.91957811;19.31547788;-100;Uninfected;505;-11.77844644;0
16;30/05/2020;2020;3121066;1;1;830;21;Female;41;40.1;15.15;2;Control;0.023318271;17.85714286;7;73.4800258;4.124874003;27.33091006;23.8163557;1;Increase;705;69.3551518;0
16;30/05/2020;2020;3121067;1;1;760;23.3;Male;33;40.5;15.15;2;Control;0.0117483;8.571428571;7;73.35433035;-20.86484378;31.17701834;27.52440019;1;Increase;700;94.21917413;0
16;30/05/2020;2020;3121068;1;1;880;22.8;Female;32;40;15.15;2;Malarone;0.020006582;16.42857143;7;97.61091256;24.50568813;29.64278312;26.33145632;1;Increase;765;73.10522443;0
17;27/05/2020;2020;3121069;2;1;590;16.2;Male;23;40.3;15.58;2;Control;-0.028029325;-17.5;4;-1.648659868;-93.62471254;22.97907634;22.30451315;2;Increase;660;91.97605268;0
17;27/05/2020;2020;3121070;2;1;695;17.6;Male;28;38.3;15.58;2;Control;0.056235933;35;4;81.68604755;78.31135955;24.38045648;22.57627469;1;Increase;555;3.374687997;1
17;27/05/2020;2020;3121071;1;1;620;14.6;Male;26;40.5;15.58;2;Control;0.135903862;65;4;55.53231706;161.0837545;21.43926252;19.11611009;1;Increase;360;-105.5514375;0
18;30/05/2020;2020;3121072;0;0;710;14.6;Female;31;39.6;15.15;2;Malarone;0.056784423;34.16666667;6;67.82418477;42.15088886;20.58760999;17.47972382;-100;Uninfected;505;25.67329591;0
18;30/05/2020;2020;3121073;0;0;630;13.9;Male;19;41;15.15;2;Control;0.065605108;34.16666667;6;78.374688;63.84756726;20.7720929;17.6013907;-100;Uninfected;425;14.52712074;0
18;30/05/2020;2020;3121074;0;0;490;10.8;Male;37;39.2;15.15;2;Control;0.060909962;25;6;4.332377827;0.68395059;17.67790726;14.52835534;-100;Uninfected;340;3.648427236;0
19;30/05/2020;2020;3121075;1;1;600;15.2;Male;28;39.4;15.15;2;Control;0.047947012;25;6;25.00546891;18.76250469;22.01225633;18.93070222;1;Increase;450;6.242964217;0
19;30/05/2020;2020;3121076;2;1;740;15.8;Male;53;39;15.15;2;Malarone;0.030837986;20.83333333;6;154.8862155;20.66806178;22.58987466;20.02568206;1;Increase;615;134.2181537;1
20;29/05/2020;2020;3121077;0;0;670;16.8;Male;26;39.8;14.12;2;Control;0.041298384;25;5;68.84551438;25.92812405;23.57122108;20.99251975;-100;Uninfected;545;42.91739033;0
20;29/05/2020;2020;3121078;0;0;625;15.3;Male;29;39.7;14.12;2;Malarone;0.050720552;28;5;48.29148638;20.88145355;22.10811737;19.27737113;-100;Uninfected;485;27.41003282;0
20;30/05/2020;2020;3121079;1;1;820;18.9;Male;32;39.5;15.15;2;Malarone;0.045258782;32.5;6;188.0592196;114.6845316;25.75676563;23.26442927;1;Increase;625;73.374688;0
21;30/05/2020;2020;3121081;0;0;620;13.2;Male;32;40.2;15.15;2;Control;0.077262123;38.33333333;6;81.88079047;102.3536697;20.10080641;17.26574746;NA;NA;390;-20.47287926;NA
21;30/05/2020;2020;3121082;1;1;560;12.8;Male;32;40.1;15.15;2;Control;0.090685267;39.16666667;6;29.92392969;69.67036793;19.71297125;16.12013692;1;Increase;325;-39.74643824;0
21;30/05/2020;2020;3121083;0;0;340;7.7;Female;39;40.3;15.15;2;Control;0.088438042;23.33333333;6;-100.9176387;4.176963411;13.02220701;10.76846692;-100;Uninfected;200;-105.0946021;0
22;30/05/2020;2020;3121088;0;0;580;12;Female;NA;40.4;15.15;2;Control;0.081818386;37.5;6;-0.485210513;32.13964236;18.0704896;14.63276177;-100;Uninfected;355;-32.62485287;0
22;30/05/2020;2020;3121089;0;0;690;13.1;Female;34;39.6;15.15;2;Malarone;0.076890928;42.5;6;81.9258053;91.90238566;19.15255987;16.15811339;-100;Uninfected;435;-9.976580358;0
23;06/06/2020;2020;3121091;1;1;920;23.6;Female;34;40.4;11.47;2;Malarone;0.019042591;16.25;8;126.7628164;51.70636027;30.7433887;27.55456687;-2;Decrease;790;75.05645618;3
23;06/06/2020;2020;3121092;2;1;730;25.1;Male;28;39.4;11.47;2;Malarone;0.007044117;5;8;23.90376791;-35.54209366;33.77882856;29.71332442;0;Peak;690;59.44586158;2
23;06/06/2020;2020;3121093;3;1;750;22.9;Female;42;39.9;11.47;2;Control;0.015035771;10.625;8;-33.76573565;-6.870960074;29.77788503;26.39900727;-1;Decrease;665;-26.89477557;4
23;06/06/2020;2020;3121094;4;1;510;18.9;Male;48;37.7;11.47;2;Control;0.019883087;9.375;8;-121.9407804;-35.16322932;25.75676563;22.53863931;0;Peak;435;-86.77755109;4
24;06/06/2020;2020;3121096;1;1;770;22.2;Female;32;39.9;11.47;2;Malarone;0.007527357;5.625;8;-4.00022731;-72.09298929;28.84701244;25.05173864;-2;Decrease;725;68.09276198;3
24;06/06/2020;2020;3121097;3;1;810;22.5;Female;33;39.8;11.47;2;Control;0.017354556;13.125;8;31.77737893;-14.26610145;29.24172098;25.29709542;-1;Decrease;705;46.04348038;4
24;06/06/2020;2020;3121098;1;1;630;18.9;Male;34;39.1;11.47;2;Control;0.026413637;15;8;-1.940780405;-5.351483223;25.75676563;22.18772276;1;Increase;510;3.410702818;0
25;06/06/2020;2020;3121101;2;1;980;23.4;Female;29;40.1;11.47;2;Malarone;0.016327523;15;8;189.4399697;10.09913621;30.46400219;26.44305605;-2;Decrease;860;179.3408335;4
25;06/06/2020;2020;3121102;3;1;940;22.5;Female;36;40;11.47;2;Control;0.02094222;18.125;8;161.7773789;27.76991609;29.24172098;25.34517731;2;Increase;795;134.0074628;1
25;06/06/2020;2020;3121103;3;1;720;19.1;Male;28;38.6;11.47;2;Control;0.029201856;18.75;8;85.30781103;32.8351644;25.97631996;22.54923457;0;Peak;570;52.47264663;3
26;06/06/2020;2020;3121108;3;1;960;23.2;Female;19;40.2;11.47;2;Control;0.028382181;24.375;8;172.1401031;72.16556237;30.18743528;25.91446539;1;Increase;765;99.97454078;2
26;06/06/2020;2020;3121109;2;1;790;21.2;Male;27;40;11.47;2;Malarone;0.031301335;21.875;8;128.0423731;72.08325766;28.42837463;24.79091425;-1;Decrease;615;55.95911546;3
27;06/06/2020;2020;3121121;2;1;650;13.2;Male;30;39.7;11.47;2;Control;0.072975089;37.14285714;7;111.8807905;90.44308333;20.10080641;16.39230942;-1;Decrease;390;21.43770713;3
29;13/06/2020;2020;3121138;3;1;645;21.1;Male;32;40.4;21.86;2;Control;0.02805333;16.42857143;7;-15.72177872;41.04110525;28.30513045;25.49597378;NA;NA;530;-56.76288397;NA
30;13/06/2020;2020;3121141;3;1;685;19.4;Male;20;40;21.86;2;Control;0.018927026;12.14285714;7;46.23425221;-21.65557071;26.30992321;23.0601187;3;Increase;600;67.88982293;0
30;13/06/2020;2020;3121142;2;1;665;16.2;Male;18;41;21.86;2;Malarone;0.042175611;24.28571429;7;73.35134013;51.62889873;22.97907634;20.05504883;-2;Decrease;495;21.7224414;4
31;21/06/2020;2020;3121198;3;1;800;28.2;Female;39;41.7;18.91;2;Control;0.024610018;18.75;4;-49.25318244;35.85124533;37.88568889;35.25642743;0;Peak;725;-85.10442777;3
31;21/06/2020;2020;3121199;3;1;970;29;Female;27;41.8;18.91;2;Control;0.015962868;15;4;111.9472616;29.25867622;39.2430009;37.0121263;0;Peak;910;82.68858539;3
32;26/06/2020;2020;3121200;1;1;820;24.9;Male;18;41.3;22.22;2;Malarone;0.002637438;2.142857143;7;115.9948303;-54.31298076;33.4788185;29.72756923;-3;Decrease;805;170.307811;4
33;13/06/2020;2020;3121208;1;1;675;20.6;Male;23;41.4;21.86;2;Malarone;0.025280765;15.83333333;6;20.54666079;10.33075888;27.69897951;24.71218305;-2;Decrease;580;10.21590191;3
33;13/06/2020;2020;3121209;3;1;610;16.4;Male;34;40.5;21.86;2;Control;0.050701896;26.66666667;6;15.14416615;64.94395432;23.17524242;20.74289904;3;Increase;450;-49.79978817;0
34;13/06/2020;2020;3121210;1;1;760;23;Male;16;41.6;21.86;2;Malarone;0.033933159;23.33333333;6;76.74160972;75.9295487;30.765347;27.78024289;-1;Decrease;620;0.812061022;2
34;13/06/2020;2020;3121211;0;0;605;18.4;Male;17;42.1;21.86;2;Control;0.056907208;29.16666667;6;-19.93281639;95.98940245;25.21739757;22.85132767;-100;Uninfected;430;-115.9222188;0
35;13/06/2020;2020;3121212;1;1;740;24.4;Male;32;41.8;21.86;2;Malarone;0.004566496;3.333333333;6;41.29686602;-37.25652782;32.74054362;29.63789996;-2;Decrease;720;78.55339384;3
36;16/06/2020;2020;3121226;1;1;920;25.2;Female;30;40;18.3;2;Malarone;0.009634469;8.571428571;7;106.1282983;-20.6633989;33.07817244;29.32440601;-2;Decrease;860;126.7916972;3
36;16/06/2020;2020;3121227;3;1;690;21.6;Male;33;41.4;18.3;2;Control;0.015281731;10;7;23.15659722;-11.72961829;28.9281796;25.75902713;-1;Decrease;620;34.88621551;4
38;23/06/2020;2020;3121254;2;1;820;23.6;Female;30;41.2;19.18;2;Control;0.021121089;15.45454545;11;26.76281644;-24.91768094;30.7433887;24.75353789;0;Peak;650;51.68049739;2
39;26/06/2020;2020;3121257;1;1;760;24;Male;24;40.9;22.22;2;Control;0.015889376;11.42857143;7;65.61731811;3.349089531;32.16223138;28.42650667;-1;Decrease;680;62.26822858;2
40;22/06/2020;2020;3121263;3;1;870;27.2;Female;28;40.5;18.62;2;Control;0.013780038;11.42857143;7;32.10413823;11.82452249;36.22833282;32.34348101;0;Peak;790;20.27961575;3
40;22/06/2020;2020;3121264;2;1;630;20.9;Male;42;40.4;18.62;2;Malarone;0.030187013;17.14285714;7;-28.23241323;45.22180124;28.06066745;25.27690774;2;Increase;510;-73.45421447;0
41;21/06/2020;2020;3121268;2;1;900;28.7;Female;25;41.6;18.91;2;Control;0.023850141;20;6;45.21831652;71.50980533;38.73113114;35.45664979;-1;Decrease;780;-26.29148882;3
41;21/06/2020;2020;3121269;3;1;670;27.2;Male;35;41.9;18.91;2;Control;0.005050892;3.333333333;6;-57.09799945;-28.42536539;37.07998535;33.65316967;0;Peak;650;-28.67263406;3
42;23/06/2020;2020;3121274;3;1;790;26.2;Male;29;40.2;19.18;2;Control;0.032330447;22.85714286;7;72.69271069;95.87411843;35.4749891;31.52736225;2;Increase;630;-23.18140774;1
42;23/06/2020;2020;3121275;2;1;750;24.4;Male;27;41.3;19.18;2;Malarone;0.033073114;22.14285714;7;51.29686602;81.22968241;32.74054362;28.9789706;2;Increase;595;-29.93281639;0
43;23/06/2020;2020;3121280;3;1;660;25.7;Male;36;41.6;19.18;2;Control;0.011254411;7.142857143;7;-52.270883;-12.94283351;34.69453752;30.9602161;0;Peak;610;-39.3280495;3
44;07/06/2016;2016;3414579;0;0;685;21.5;Male;16;NA;20.53;2;Control;0.031388177;18.18181818;11;19.36950612;43.18333929;28.8021981;23.76126046;-1;Decrease;485;-23.81383316;1
44;07/06/2016;2016;3414580;0;0;510;18;Male;23;NA;20.53;2;Control;0.024387635;10.90909091;11;-109.187939;-41.5979718;24.79513877;20.62088183;-100;Uninfected;390;-67.58996718;0
45;17/06/2016;2016;3414613;NA;NA;740;29.8;Male;32;NA;15.09;2;Control;-0.000673403;-0.5;10;-10.95987869;-76.13324099;41.47374601;35.91689361;NA;NA;745;65.1733623;1
45;17/06/2016;2016;3414614;0;0;660;26.9;Male;40;NA;15.09;2;Control;0.001526747;1;10;-64.19910023;-70.098853;36.59261082;31.67780366;-100;Uninfected;650;5.899752771;0
46;24/06/2016;2016;3414627;4;1;780;24.1;Female;23;NA;22.43;2;Control;0.044713435;22.61904762;21;-19.8320501;10.24366647;31.4541198;20.45860723;4;Increase;305;-30.07571657;0
46;24/06/2016;2016;3414628;3;1;735;26.9;Male;19;NA;22.43;2;Control;0.023895058;13.80952381;21;10.80089977;26.07172532;36.59261082;26.5778205;3;Increase;445;-15.27082555;0
47;28/06/2016;2016;3414636;0;0;780;29.2;Male;28;NA;16.35;2;Control;0.031487045;17;25;34.35653645;59.04312093;40.43762616;26.79016064;-100;Uninfected;355;-24.68658448;0
47;28/06/2016;2016;3414637;1;1;970;28.6;Female;44;NA;16.35;2;Control;0.044359003;26;25;116.3162709;142.6275966;38.56124531;24.19383839;1;Increase;320;-26.31132566;0
48;20/06/2016;2016;3414640;NA;NA;695;26.8;Female;45;NA;15.39;2;Control;0.005776002;3.823529412;17;-138.2355749;-123.9125594;35.57958881;28.13125843;NA;NA;630;-14.32301546;1
48;20/06/2016;2016;3414641;3;1;800;28.2;Female;29;NA;15.39;2;Control;0.018503145;12.8125;16;-49.25318244;-4.239324949;37.88568889;29.18900799;0;Peak;595;-45.0138575;3
49;22/06/2016;2016;3414644;4;1;725;27.4;Female;NA;NA;20.61;2;Control;0.016883606;10.55555556;18;-115.2003674;-67.1046555;36.55588883;27.36329893;3;Increase;535;-48.0957119;1
50;28/06/2016;2016;3414650;1;1;665;27.8;Male;17;NA;16.35;2;Control;0.024331121;12.39130435;23;-67.80109261;-24.72908048;38.06867553;26.51662579;1;Increase;380;-43.07201213;0
51;28/06/2016;2016;3414672;1;1;830;28.3;Female;29;NA;16.35;2;Control;0.042061791;21.6;25;-20.36668312;41.41545195;38.05395816;24.02938175;1;Increase;290;-61.78213507;0
51;28/06/2016;2016;3414673;1;1;780;26.9;Female;32;NA;16.35;2;Control;0.051546236;22.6;25;-54.4071353;16.22371634;35.74095829;21.82891721;1;Increase;215;-70.63085164;0
52;23/06/2016;2016;3414677;1;1;830;27.1;Male;19;NA;24.33;2;Control;0.031732549;19.5;20;103.8647324;107.6217682;36.91699088;26.3830695;1;Increase;440;-3.757035783;0
53;23/06/2016;2016;3414680;0;0;635;24.1;Male;28;NA;24.33;2;Control;0.038332482;17;20;-60.46950841;16.85373281;32.30577233;22.57214968;-100;Uninfected;295;-77.32324121;0
53;23/06/2016;2016;3414681;0;0;745;24.9;Male;39;NA;24.33;2;Control;0.030474858;17;20;40.99483027;36.60308975;33.4788185;23.74706896;-100;Uninfected;405;4.391740513;0
54;22/06/2016;2016;3414706;NA;NA;880;25.9;Female;27;NA;20.61;2;Control;0.025110285;17.77777778;18;57.50957802;35.99067133;34.15321622;25.32685007;NA;NA;560;21.51890669;0
54;22/06/2016;2016;3414707;0;0;870;25.7;Female;44;NA;20.61;2;Control;0.017056946;12.77777778;18;49.94806785;-25.7017256;33.84288499;25.65089406;-100;Uninfected;640;75.64979345;0
55;23/06/2016;2016;3414718;3;1;845;24.3;Female;23;NA;24.33;2;Control;0.032589107;20.83333333;18;42.56823583;66.03501086;31.74327849;23.3090022;3;Increase;470;-23.46677503;0
55;23/06/2016;2016;3414719;4;1;760;26.4;Male;26;NA;24.33;2;Control;0.015016129;10;18;40.70500986;-23.91893616;35.79141269;27.40688712;1;Increase;580;64.62394602;3
56;29/06/2016;2016;3414720;1;1;880;27.4;Female;38;NA;16.56;2;Control;0.036100788;21.25;24;39.7996326;47.5935725;36.55588883;23.71047733;1;Increase;370;-7.793939899;0
56;29/06/2016;2016;3414721;1;1;765;26.9;Female;30;NA;16.56;2;Control;0.03900389;19.375;24;-69.4071353;-40.10339007;35.74095829;22.50951113;1;Increase;300;-29.30374523;0
57;22/06/2016;2016;3414729;3;1;745;25.6;Female;49;NA;20.61;2;Control;0.002093274;1.538461538;13;-73.82556174;-135.8101005;33.6886615;27.61681612;2;Increase;725;61.98453875;1
58;21/06/2016;2016;3414730;4;1;655;24;Male;31;NA;17.9;2;Control;0.012317459;7.5;12;-39.38268189;-31.11344684;32.16223138;27.03937785;3;Increase;565;-8.269235053;1
59;21/06/2016;2016;3414735;0;0;680;27.9;Male;28;NA;17.9;2;Control;0.008372544;5.416666667;12;-53.73962647;-51.00785505;38.23516009;31.46297102;-3;Decrease;615;-2.731771422;3
59;21/06/2016;2016;3414736;1;1;715;23.1;Male;35;NA;17.9;2;Control;0.013235299;8.75;12;30.60763223;-25.89334595;30.90186386;25.88468917;-3;Decrease;610;56.50097818;4
59;21/06/2016;2016;3414737;2;1;765;19.4;Male;33;NA;17.9;2;Control;0.046091759;27.08333333;12;126.2342522;103.0826036;26.30992321;20.50515386;-1;Decrease;440;23.15164857;3
60;28/06/2016;2016;3414751;1;1;750;29.3;Male;23;NA;16.35;2;Control;0.02318689;13.47826087;23;3.462923958;12.84128177;40.60959417;28.35046388;1;Increase;440;-9.378357817;0
61;24/06/2016;2016;3414752;3;1;780;25.2;Male;25;NA;22.43;2;Control;0.030132589;17.89473684;19;72.86447668;33.47273617;33.92982497;23.9725722;3;Increase;440;39.39174051;0
62;21/06/2016;2016;3414753;1;1;700;21.8;Female;45;NA;17.9;2;Control;0.052956116;25;16;-68.28073134;47.11776297;28.33056656;20.23519581;1;Increase;300;-115.3984943;0
62;21/06/2016;2016;3414754;2;1;655;24.3;Male;32;NA;17.9;2;Control;0.02927988;15.3125;16;-42.62969756;-17.53803215;32.59493102;24.03614087;0;Peak;410;-25.09166541;2
64;20/06/2016;2016;3414790;3;1;735;21.2;Male;28;NA;15.39;2;Control;0.008806458;6.25;8;73.04237312;-66.03540804;28.42837463;24.45681619;2;Increase;685;139.0777812;1
65;01/07/2016;2016;3414822;1;1;750;24.1;Female;37;NA;18.59;2;Control;0.030404844;18.57142857;14;-49.8320501;73.00835112;31.4541198;25.39982822;1;Increase;490;-122.8404012;0
66;01/07/2016;2016;3414828;NA;NA;885;26.4;Female;31;NA;18.59;2;Control;0.0359348;25.83333333;12;56.49479416;148.5174894;34.93976016;28.33899114;NA;NA;575;-92.02269522;0
67;28/06/2016;2016;3414832;1;1;615;29.9;Male;NA;NA;16.35;2;Control;0.005928533;3.571428571;7;-136.8355291;-36.84591532;41.64734735;36.62119429;-2;Decrease;590;-99.98961377;3
68;02/06/2018;2018;3417993;0;0;635;15.4;Female;24;NA;17.9;2;Control;0.064248276;32.85714286;7;-23.95651962;27.89179464;21.35246986;17.46575292;-100;Uninfected;405;-51.84831425;0
69;02/06/2018;2018;3417994;3;1;810;22;Female;23;NA;17.9;2;Malarone;0.037040371;26.42857143;7;38.84652164;62.42046142;28.58738987;24.73056196;1;Increase;625;-23.57393978;2
70;02/06/2018;2018;3417995;0;0;620;15;Female;46;NA;17.9;2;Control;0.059080331;30;7;-30.67805205;-48.25060799;20.96925365;16.16318622;-100;Uninfected;410;17.57255594;0
70;02/06/2018;2018;3417996;0;0;510;11.8;Female;44;NA;17.9;2;Control;0.08566016;32.85714286;7;-65.19830266;-27.76629133;17.86867029;13.38488878;-100;Uninfected;280;-37.43201134;0
71;10/06/2018;2018;3417998;3;1;710;21.7;Female;16;NA;19.16;2;Control;0.032661263;18.33333333;15;-56.83445931;-38.89381782;28.20319993;20.82262598;3;Increase;435;-17.94064149;0
71;10/06/2018;2018;3417999;3;1;620;22.3;Male;26;NA;19.16;2;Control;0.027570821;14;15;-55.17973486;-74.8230403;29.82952995;21.70789342;3;Increase;410;19.64330543;0
72;02/06/2018;2018;3418500;0;0;605;17.2;Male;23;NA;17.9;2;Control;0.05910913;29.28571429;7;-2.304919984;55.28504719;23.97271315;20.20966902;-100;Uninfected;400;-57.58996718;0
72;02/06/2018;2018;3418502;0;0;475;13;Female;32;NA;17.9;2;Control;0.04362595;17.85714286;7;-130.6637338;-113.0178872;19.05573556;14.79144322;-100;Uninfected;350;-17.64584655;0
73;03/06/2018;2018;3418503;0;0;815;18.4;Female;20;NA;19.04;2;Malarone;0.044693969;30.625;8;100.0564562;65.52734841;24.36574504;20.37804051;-100;Uninfected;570;34.52910777;0
74;03/06/2018;2018;3418504;0;0;590;13.1;Male;18;NA;19.04;2;Control;0.082476345;35.625;8;53.8684913;67.49249887;20.0042124;15.34114821;-100;Uninfected;305;-13.62400757;0
76;02/06/2018;2018;3418509;1;1;740;21.1;Male;30;NA;17.9;2;Malarone;0.016562079;11.66666667;6;79.27822128;-8.93773862;28.30513045;25.35087685;-2;Decrease;670;88.2159599;3
77;03/06/2018;2018;3418510;3;1;695;18.7;Female;22;NA;19.04;2;Malarone;0.033427652;20.71428571;7;-25.03093685;2.821926821;24.68776647;21.32879182;3;Increase;550;-27.85286367;0
77;03/06/2018;2018;3418511;3;1;505;16.9;Male;35;NA;19.04;2;Malarone;0.016472978;7.857142857;7;-97.7057151;-76.97823917;23.67104753;20.34512893;3;Increase;450;-20.72747593;0
77;03/06/2018;2018;3418512;0;0;460;14.3;Male;41;NA;19.04;2;Malarone;0.045299423;17.85714286;7;-99.04088454;-58.01004358;21.15345387;17.07246572;-100;Uninfected;335;-41.03084097;0
78;02/06/2018;2018;3418513;0;0;695;18.9;Male;33;NA;17.9;2;Control;0.043607516;26.66666667;6;63.0592196;62.18779589;25.75676563;22.83207686;-100;Uninfected;535;0.871423708;0
78;02/06/2018;2018;3418514;1;1;660;17.6;Male;27;NA;17.9;2;Control;0.073358444;39.16666667;6;46.68604755;128.2753447;24.38045648;21.49956819;1;Increase;425;-81.58929718;0
78;02/06/2018;2018;3418515;0;0;540;13.6;Female;32;NA;17.9;2;Control;0.118639886;45.83333333;6;-79.85698087;70.54151343;19.63360523;15.88671514;-100;Uninfected;265;-150.3984943;0
79;02/06/2018;2018;3418516;3;1;735;19.1;Male;28;NA;17.9;2;Control;0.020483023;14.16666667;6;100.307811;3.806832849;25.97631996;23.42191722;3;Increase;650;96.50097818;0
80;07/06/2018;2018;3418526;0;0;775;20.7;Male;28;NA;21.95;2;Malarone;0.029591887;20.71428571;7;119.2808888;48.32177337;27.81888;24.48616694;-100;Uninfected;630;70.95911546;0
80;07/06/2018;2018;3418527;0;0;690;20.3;Male;38;NA;21.95;2;Malarone;0.024809071;15.71428571;7;39.38117553;11.00648753;27.34319786;24.05764538;-100;Uninfected;580;28.374688;0
80;07/06/2018;2018;3418528;0;0;580;16.1;Male;33;NA;21.95;2;Control;0.03625436;18.57142857;7;-10.03019401;0.240631538;22.88140447;19.72221732;-100;Uninfected;450;-10.27082555;0
81;09/06/2018;2018;3418535;0;0;865;21.8;Female;32;NA;21.37;2;Control;0.037900804;27.77777778;9;96.71926866;123.8950839;28.33056656;24.45908828;-100;Uninfected;615;-27.17581523;0
81;09/06/2018;2018;3418536;0;0;800;18.1;Female;24;NA;21.37;2;Control;0.078413996;45;9;90.22748131;221.4909764;24.04831684;20.05159753;-100;Uninfected;395;-131.263495;0
82;15/06/2018;2018;3418551;0;0;735;17.3;Female;31;NA;18.13;2;Control;0.03106859;20.83333333;6;39.44746679;-26.13610132;23.22238267;19.97040095;-100;Uninfected;610;65.58356811;0
82;15/06/2018;2018;3418552;0;0;320;11.6;Male;NA;NA;18.13;2;Control;-0.037190592;-13.33333333;6;-184.3456662;-183.7374067;18.51651909;16.26591926;-100;Uninfected;400;-0.608259487;0
83;15/06/2018;2018;3418553;0;0;800;19.3;Female;25;NA;18.13;2;Control;0.050748198;35;6;70.03464977;92.87505099;25.34649034;22.34601349;-100;Uninfected;590;-22.84040122;0
83;15/06/2018;2018;3418554;0;0;750;19.6;Female;37;NA;18.13;2;Control;0.020047694;14.16666667;6;15.18267267;-20.84192215;25.68360377;22.84973286;-100;Uninfected;665;36.02459482;0
84;16/06/2018;2018;3418555;0;0;720;20.6;Female;29;NA;18.87;2;Control;-0.002945612;-2.142857143;7;-30.47048753;-114.7924355;26.84732698;23.90829032;-2;Decrease;735;84.32194795;2
85;22/06/2018;2018;3418557;0;0;685;25.2;Male;38;NA;12.55;2;Malarone;0.024882717;15.83333333;6;-22.13552332;48.5862554;33.92982497;31.11747771;-100;Uninfected;590;-70.72177872;0
85;22/06/2018;2018;3418558;1;1;825;24.8;Female;32;NA;12.55;2;Malarone;0.012584592;10;6;16.16142348;0.101184816;32.4781606;29.60312174;-2;Decrease;765;16.06023867;3
86;15/06/2018;2018;3418564;0;0;890;23.4;Female;21;NA;18.13;2;Control;0.027417286;22.5;6;99.43996973;26.99982847;30.46400219;26.49247015;-1;Decrease;755;72.44014125;1
86;15/06/2018;2018;3418565;0;0;785;23.5;Male;20;NA;18.13;2;Control;0.025161838;18.33333333;6;96.12028768;31.44699162;31.45499605;27.81537765;-100;Uninfected;675;64.67329607;0
86;15/06/2018;2018;3418566;0;0;720;20.7;Male;22;NA;18.13;2;Control;0.034606561;22.5;6;64.28088883;47.30483615;27.81888;24.72441498;-100;Uninfected;585;16.97605268;0
87;22/06/2018;2018;3418567;0;0;740;24;Male;44;NA;12.55;2;Malarone;0.018525403;12.85714286;7;45.61731811;33.03225462;32.16223138;29.18018712;-100;Uninfected;650;12.58506349;0
87;22/06/2018;2018;3418568;3;1;585;20.3;Male;31;NA;12.55;2;Malarone;0.03126845;16.42857143;7;-65.61882447;39.37570662;27.34319786;24.67772709;-1;Decrease;470;-104.9945311;4
88;15/06/2018;2018;3418569;3;1;825;23.1;Female;22;NA;18.13;2;Control;0.064574434;44.16666667;6;38.49891136;48.31992732;30.05021133;23.85753895;1;Increase;560;-9.821015959;2
88;15/06/2018;2018;3418570;4;1;485;13;Male;26;NA;18.13;2;Control;0.069304649;27.5;6;-49.12857629;-4.382138056;19.90738809;16.21734534;4;Increase;320;-44.74643824;0
89;03/06/2018;2018;3418571;3;1;545;16.3;Female;27;NA;19.04;2;Control;0.009482153;5;7;-131.8229773;-141.5175936;22.22536546;18.67225193;3;Increase;510;9.694616249;0
89;03/06/2018;2018;3418572;3;1;750;18.9;Male;24;NA;19.04;2;Control;0.029516321;20;7;118.0592196;25.58657297;25.75676563;22.43945741;0;Peak;610;92.47264663;3
89;03/06/2018;2018;3418573;0;0;260;8.9;Female;56;NA;19.04;2;Control;-0.015599899;-4.285714286;7;-226.4761848;-181.4004683;14.6256982;12.04439643;-100;Uninfected;290;-45.07571657;0
90;03/06/2018;2018;3418574;0;0;585;13.2;Female;40;NA;19.04;2;Control;0.061634371;29.28571429;7;-25.46632495;-27.67238505;19.24915388;15.05710985;-100;Uninfected;380;2.206060101;0
91;03/06/2018;2018;3418577;0;0;985;23.2;Female;25;NA;19.04;2;Control;0.021900716;20;7;197.1401031;42.18992556;30.18743528;26.5535067;-100;Uninfected;845;154.9501776;0
92;03/06/2018;2018;3418578;0;0;560;16.2;Female;32;NA;19.04;2;Malarone;-0.005013046;-2.857142857;7;-114.8871951;-156.4061018;22.12742381;19.31395386;-100;Uninfected;580;41.51890669;0
93;03/06/2018;2018;3418579;0;0;745;20.9;Male;21;NA;19.04;2;Control;0.035765159;23.57142857;7;86.76758677;50.76078283;28.06066745;24.22503186;-100;Uninfected;580;36.00680394;0
93;03/06/2018;2018;3418580;0;0;800;18.7;Female;25;NA;19.04;2;Control;0.058819246;38.57142857;7;79.96906315;91.4318244;24.68776647;20.6488017;-100;Uninfected;530;-11.46276125;0
94;03/06/2018;2018;3418581;2;1;715;17.7;Female;34;NA;19.04;2;Malarone;0.086590829;46.42857143;7;12.25712831;79.10544257;23.63179823;18.60541711;-1;Decrease;390;-66.84831425;3
95;07/06/2018;2018;3418582;0;0;490;15.6;Male;35;NA;21.95;2;Control;0.025464033;11.42857143;7;-91.7840401;-52.40568228;22.39662326;19.24397843;-100;Uninfected;410;-39.37835782;0
96;08/06/2018;2018;3418591;3;1;865;24.3;Female;15;NA;20.86;2;Control;0.019509915;15.625;8;62.56823583;3.227402318;31.74327849;27.0826942;3;Increase;740;59.34083351;0
96;08/06/2018;2018;3418592;1;1;925;25.3;Female;15;NA;20.86;2;Control;0.012795252;11.25;8;109.8825002;-25.94925308;33.22982393;28.32803376;-2;Decrease;835;135.8317533;3
97;09/06/2018;2018;3418595;0;0;745;21.1;Male;33;NA;21.37;2;Control;0.122324327;58.125;8;84.27822128;354.0162948;28.30513045;24.49085927;-100;Uninfected;280;-269.7380735;0
98;02/06/2018;2018;3418601;0;0;415;11;Male;31;NA;17.9;2;Control;0.056212702;19.28571429;7;-75.46374573;-71.08808886;17.89143287;13.62890612;-100;Uninfected;280;-4.375656871;0
99;09/06/2018;2018;3418602;0;0;535;10.7;Male;20;NA;21.37;2;Control;0.120598205;43.57142857;7;51.76385025;100.8588952;17.57007175;13.36982001;-100;Uninfected;230;-49.09504494;0
100;03/06/2018;2018;3418603;0;0;355;8.1;Male;31;NA;19.04;2;Control;0.113849139;27.85714286;7;-55.47287926;3.959599619;14.43068851;10.74545673;NA;NA;160;-59.43247888;NA
101;15/06/2018;2018;3418604;1;1;630;18.3;Male;27;NA;18.13;2;Control;0.03851862;21.66666667;6;6.491608934;24.01896231;25.11108959;22.11661939;1;Increase;500;-17.52735337;0
102;28/06/2018;2018;3418605;1;1;960;27;Female;31;NA;19.87;2;Control;0.033809203;23.94736842;19;124.4256514;119.7310352;35.90287746;25.51100793;1;Increase;505;4.694616249;0
103;16/06/2018;2018;3418617;0;0;675;19.5;Male;19;NA;18.87;2;Control;0.033206563;20;7;34.89038601;36.02189471;26.42229211;23.21325226;-100;Uninfected;535;-1.131508699;0
103;16/06/2018;2018;3418618;3;1;820;21.9;Female;25;NA;18.87;2;Control;0.017590384;13.57142857;7;50.27961575;-11.704923;28.4586292;25.00179997;3;Increase;725;61.98453875;0
104;16/06/2018;2018;3418623;1;1;825;22.9;Male;27;NA;18.87;2;Control;0.033445116;25;6;142.8805283;75.18544828;30.62953756;27.30112535;1;Increase;675;67.69508002;0
105;16/06/2018;2018;3418632;3;1;680;19.5;Male;26;NA;18.87;2;Control;0.053652797;32;5;39.89038601;91.42286119;26.42229211;24.12159915;3;Increase;520;-51.53247517;0
105;16/06/2018;2018;3418633;3;1;445;14.3;Male;43;NA;18.87;2;Control;0.031580606;13;5;-114.0408845;-20.76332595;21.15345387;19.1422376;3;Increase;380;-93.2775586;0
107;18/06/2018;2018;3418663;3;1;650;18.8;Male;29;NA;16.58;2;Control;0.043218234;23.75;8;19.44586158;54.6193095;25.64782028;21.87503719;0;Peak;460;-35.17344793;3
108;16/06/2018;2018;3418664;0;0;725;21.4;Male;37;NA;18.87;2;Control;0.031540333;20.83333333;6;60.58806964;42.37210973;28.67690535;25.5367643;-100;Uninfected;600;18.2159599;0
108;16/06/2018;2018;3418665;1;1;460;12.8;Male;44;NA;18.87;2;Control;0.045548889;18.33333333;6;-70.07607031;-29.71937574;19.71297125;16.64961407;1;Increase;350;-40.35669457;0
109;16/06/2018;2018;3418666;3;1;835;24.2;Female;28;NA;18.87;2;Control;-0.009692653;-8.333333333;6;33.8654072;-127.757203;31.59835384;28.25173347;1;Increase;885;161.6226102;2
110;16/06/2018;2018;3418668;0;0;620;17.2;Male;29;NA;18.87;2;Control;0.049748831;26.66666667;6;12.69508002;47.86852794;23.97271315;21.03748363;-100;Uninfected;460;-35.17344793;0
110;16/06/2018;2018;3418669;0;0;520;12.5;Male;25;NA;18.87;2;Control;0.061287463;26.66666667;6;-3.87701137;8.446229842;19.41913063;16.12882883;-100;Uninfected;360;-12.32324121;0
111;28/06/2016;2016;3418746;0;0;640;19.9;Male;NA;NA;16.35;2;Control;0;0;13;-5.417032887;0;26.87778496;26.87778496;NA;NA;640;-5.417032887;NA
112;25/05/2019;2019;3418748;0;0;775;18.6;Female;25;40.3;12.91;2;Control;0.034523868;24.16666667;6;56.65573536;27.4424162;24.57990115;21.72060994;-100;Uninfected;630;29.21331915;0
112;25/05/2019;2019;3418749;3;1;660;17.7;Female;29;40.3;12.91;2;Control;0.027383842;16.66666667;6;-42.74287169;-30.22172231;23.63179823;20.6994128;0;Peak;560;-12.52114938;3
112;25/05/2019;2019;3418750;0;0;690;17.2;Male;36;39.7;12.91;2;Control;0.034792469;21.66666667;6;82.69508002;33.71467648;23.97271315;21.39709142;-100;Uninfected;560;48.98040353;0
112;25/05/2019;2019;3418754;0;0;660;13.8;Female;36;39.5;12.91;2;Control;0.056584523;31.66666667;6;35.55076805;41.24085808;19.82493555;17.03398088;-100;Uninfected;470;-5.690090033;0
113;25/05/2019;2019;3418755;0;0;775;20.2;Female;27;39.9;12.91;2;Malarone;0.039900679;27.5;6;30.69762406;54.13499926;26.37424215;23.29038369;-100;Uninfected;610;-23.4373752;0
113;25/05/2019;2019;3418756;0;0;690;19.6;Male;25;40.3;12.91;2;Malarone;0.030386926;19.16666667;6;48.55339384;19.47561268;26.5352563;23.51025703;-3;Decrease;575;29.07778116;3
114;26/05/2019;2019;3418760;0;0;665;22;Male;29;37.5;15.66;2;Malarone;-0.001070096;-0.714285714;7;-6.639526339;-81.78369249;29.4390424;26.30714241;-100;Uninfected;670;75.14416615;0
114;26/05/2019;2019;3418761;0;0;845;23.5;Female;30;39.4;15.66;2;Malarone;0.013278016;10.71428571;7;53.09854504;-28.70747045;30.60334352;26.71136926;-100;Uninfected;770;81.80601549;0
114;26/05/2019;2019;3418762;0;0;630;20.5;Male;36;39.5;15.66;2;Malarone;0.00578448;3.571428571;7;-23.18140774;-67.31904265;27.57973541;24.4142255;-100;Uninfected;605;44.13763491;0
115;30/05/2019;2019;3418791;2;1;745;25.4;Male;24;38.8;15.07;2;Malarone;-0.011990015;-9.375;8;35.79820979;-156.4432014;34.23377838;29.83266603;-1;Decrease;820;192.2414112;3
115;30/05/2019;2019;3418792;1;1;885;25.3;Female;26;38.7;15.07;2;Malarone;0.002136804;1.875;8;69.8825002;-90.34498111;33.22982393;28.63907038;-2;Decrease;870;160.2274813;3
115;30/05/2019;2019;3418793;2;1;800;24;Male;38;38.2;15.07;2;Malarone;-0.007578078;-6.25;8;105.6173181;-135.5625032;32.16223138;28.11813329;-1;Decrease;850;241.1798213;3
116;30/05/2019;2019;3418794;4;1;710;18.8;Male;38;39;15.07;2;Control;0.032634177;20.71428571;7;79.44586158;18.79152781;25.64782028;22.08216969;3;Increase;565;60.65433376;1
116;30/05/2019;2019;3418795;4;1;695;19.2;Male;34;39.4;15.07;2;Control;0.032134819;20;7;58.942892;19.31894598;26.08694416;22.55465286;0;Peak;555;39.62394602;4
116;30/05/2019;2019;3418796;3;1;680;20.3;Male;46;38.5;15.07;2;Control;0.021497279;13.57142857;7;29.38117553;-21.49024818;27.34319786;23.62529297;3;Increase;585;50.87142371;0
116;30/05/2019;2019;3418797;0;0;690;16.1;Female;39;38.6;15.07;2;Control;0.054851272;31.42857143;7;17.06057338;19.0715149;22.02975194;18.07133773;-100;Uninfected;470;-2.010941517;0
117;30/05/2019;2019;3418817;2;1;960;25.2;Female;38;39.1;15.07;2;Malarone;-0.00512861;-5;6;146.1282983;-87.35172748;33.07817244;30.20454125;-1;Decrease;990;233.4800258;3
117;30/05/2019;2019;3418818;0;0;775;24.8;Male;44;40.5;15.07;2;Malarone;-0.013423144;-10.83333333;6;72.04666831;-110.9745487;33.32981313;30.63462719;-100;Uninfected;840;183.021217;0
117;30/05/2019;2019;3418819;0;0;790;23.1;Male;36;39.6;15.07;2;Malarone;0;0;6;105.6076322;-71.07841532;30.90186386;27.64116017;-100;Uninfected;790;176.6860476;0
118;01/06/2019;2019;3418834;3;1;815;22.2;Female;29;39.9;19.28;2;Malarone;0.005357771;4.285714286;7;40.99977269;-69.11303216;28.84701244;25.48721813;-1;Decrease;785;110.1128049;4
118;01/06/2019;2019;3418835;1;1;745;20.1;Female;35;39.1;19.28;2;Malarone;0.014095933;10;7;2.258737005;-32.7274055;26.25757587;23.37495149;-2;Decrease;675;34.9861425;3
119;01/06/2019;2019;3418836;2;1;765;20.1;Female;37;39.1;19.28;2;Control;0.018942589;13.57142857;7;22.258737;-25.57977649;26.25757587;22.99345284;2;Increase;670;47.83851349;0
119;01/06/2019;2019;3418837;0;0;660;18.4;Male;33;39.4;19.28;2;Control;0.023471864;14.28571429;7;35.06718361;-11.72591511;25.21739757;22.06976985;-100;Uninfected;560;46.79309872;0
120;02/06/2019;2019;3418838;0;0;895;24.2;Female;13;40.2;22.39;2;Malarone;0.021490458;17.85714286;7;93.8654072;24.82604403;31.59835384;27.56357889;-100;Uninfected;770;69.03936318;0
120;02/06/2019;2019;3418839;1;1;860;24.8;Female;13;40.7;22.39;2;Malarone;0.013948353;11.42857143;7;51.16142348;-24.32351078;32.4781606;28.10669865;-2;Decrease;780;75.48493426;3
121;02/06/2019;2019;3418879;0;0;735;21.7;Male;42;39.4;22.39;2;Malarone;0.028991549;19.28571429;7;66.94929068;55.35093488;29.05485246;25.91942083;-100;Uninfected;600;11.5983558;0
121;02/06/2019;2019;3418880;0;0;1000;25;Female;32;39.8;22.39;2;Malarone;0.030103004;27.14285714;7;188.6347945;103.6721545;32.77683913;28.89572478;-100;Uninfected;810;84.96264004;0
121;02/06/2019;2019;3418881;0;0;780;24.3;Male;43;39.7;22.39;2;Malarone;0.00848906;6.428571429;7;82.37030244;-23.46959658;32.59493102;29.06717501;-100;Uninfected;735;105.839899;0
121;02/06/2019;2019;3418882;0;0;700;18.6;Male;31;39.8;22.39;2;Malarone;0.055395076;32.14285714;7;72.24141122;94.73826467;25.43155368;21.81913105;-100;Uninfected;475;-22.49685345;0
122;02/06/2019;2019;3418883;0;0;760;22.4;Female;36;40.4;22.39;2;Malarone;0.019075913;13.57142857;7;-16.82144454;-1.162278049;29.10944658;25.76577824;-2;Decrease;665;-15.65916649;2
122;02/06/2019;2019;3418884;NA;NA;800;22.4;Female;NA;NA;22.39;2;Malarone;0.026403527;19.28571429;7;23.17855546;44.50568813;29.10944658;25.91450756;NA;NA;665;-21.32713266;3
122;02/06/2019;2019;3418885;NA;NA;695;20;Male;NA;NA;22.39;2;Malarone;0.03085358;19.28571429;7;48.27278191;41.77180373;26.99319369;23.93035408;NA;NA;560;6.50097818;2
122;02/06/2019;2019;3418886;2;1;580;15.5;Female;23;39.4;22.39;2;Malarone;0.051305862;25;7;-80.99253716;24.29983181;21.44863364;18.46310273;-2;Decrease;405;-105.292369;4
122;02/06/2019;2019;3418887;3;1;565;15.1;Female;34;39.4;22.39;2;Malarone;0.054797485;25.71428571;7;-87.76818341;-0.757241892;21.06487178;17.58889765;3;Increase;385;-87.01094152;0
123;07/06/2019;2019;3418931;0;0;705;22.1;Male;41;40.2;17.16;2;Malarone;0.025439324;16.42857143;7;32.17506845;40.19920049;29.56850294;26.47054679;-4;Decrease;590;-8.024132039;4
124;08/06/2019;2019;3418937;1;1;830;20.4;Female;27;40.5;15.22;2;Malarone;0.036025055;26.42857143;7;82.59845011;64.31890934;26.60949058;23.26496548;-2;Decrease;645;18.27954076;3
124;08/06/2019;2019;3418938;2;1;765;19.6;Male;36;40.9;15.22;2;Malarone;0.04203421;27.85714286;7;123.5533938;87.68197013;26.5352563;23.2213222;-1;Decrease;570;35.87142371;3
124;08/06/2019;2019;3418939;0;0;875;17.9;Female;26;40.8;15.22;2;Malarone;0.059979121;42.85714286;7;168.7226685;138.1391004;23.83912942;20.27877432;-100;Uninfected;575;30.58356811;0
125;06/06/2019;2019;3418969;0;0;670;22.6;Male;28;40.2;16.57;2;Malarone;-0.008283894;-5.714285714;7;-8.672634059;-125.4154682;30.22635399;26.65168599;-100;Uninfected;710;116.7428341;0
125;06/06/2019;2019;3418970;0;0;700;21.9;Male;29;39.9;16.57;2;Malarone;0.024422543;15.71428571;7;29.55127937;17.96260944;29.31028173;25.75720206;-100;Uninfected;590;11.58866993;0
126;10/06/2019;2019;3419031;0;0;840;29;Female;35;40.7;18.82;2;Malarone;0.008701138;7;10;-18.05273839;-25.59742561;39.2430009;33.53412686;-4;Decrease;770;7.544687219;4
126;10/06/2019;2019;3419034;1;1;880;28.7;Female;32;40.7;18.82;2;Malarone;0.005849621;5;10;25.21831652;-58.92590384;38.73113114;32.61133824;1;Increase;830;84.14422035;0
126;10/06/2019;2019;3419035;1;1;745;25.6;Male;41;40.6;18.82;2;Malarone;0.007669262;5.5;10;33.74814909;-47.43167219;34.54031403;29.30717462;-2;Decrease;690;81.17982128;3
127;07/06/2019;2019;3419039;1;1;825;22.3;Male;47;40.6;17.16;2;Malarone;0.043132061;30.71428571;7;149.8202651;128.2219093;29.82952995;26.30675957;-2;Decrease;610;21.5983558;3
127;07/06/2019;2019;3419040;0;0;840;23.6;Female;15;40.1;17.16;2;Malarone;0.016189812;12.85714286;7;46.76281644;16.79375329;30.7433887;27.71557758;-3;Decrease;750;29.96906315;3
128;08/06/2019;2019;3419051;3;1;845;22.1;Male;23;39.1;15.22;2;Control;0.015145456;12.14285714;7;172.1750685;22.50177238;29.56850294;26.87213109;3;Increase;760;149.6732961;0
128;08/06/2019;2019;3419052;2;1;750;20.9;Male;32;39.5;15.22;2;Control;0.019348282;13.57142857;7;91.76758677;4.791534094;28.06066745;24.84530871;1;Increase;655;86.97605268;1
128;08/06/2019;2019;3419053;4;1;760;18.1;Female;25;39.5;15.22;2;Control;0.038612904;25.71428571;7;50.22748131;34.57768786;24.04831684;20.75360999;1;Increase;580;15.64979345;3
129;10/06/2019;2019;3419054;3;1;795;29.1;Male;24;40.8;18.82;2;Control;0.005002631;3.888888889;9;50.25321452;-49.02500676;40.26597516;34.2855528;3;Increase;760;99.27822128;0
129;10/06/2019;2019;3419055;4;1;730;27.5;Male;30;40.3;18.82;2;Control;0.003086618;2.222222222;9;0.03489977;-60.63705073;37.57208562;32.39899015;4;Increase;710;60.6719505;0
129;10/06/2019;2019;3419056;4;1;565;22;Male;30;39.5;18.82;2;Control;0.038373465;18.33333333;9;-106.6395263;41.19758312;29.4390424;25.01001237;4;Increase;400;-147.8371095;0
130;08/06/2019;2019;3419063;0;0;810;24.3;Female;26;39.4;15.22;2;Malarone;0.022906093;17.14285714;7;7.56823583;32.51177965;31.74327849;28.05451177;-100;Uninfected;690;-24.94354382;0
130;08/06/2019;2019;3419064;0;0;900;20.1;Female;32;38.8;15.22;2;Malarone;0.042159579;32.85714286;7;157.258737;95.3329317;26.25757587;22.70506787;-3;Decrease;670;61.9258053;3
131;08/06/2019;2019;3419068;0;0;870;22.2;Female;33;39.6;15.22;2;Malarone;0.027034571;21.42857143;7;95.99977269;50.88696784;28.84701244;25.48721813;-3;Decrease;720;45.11280485;3
131;08/06/2019;2019;3419069;2;1;890;22.9;Female;28;39.6;15.22;2;Malarone;0.030281464;24.28571429;7;106.2342644;76.28408677;29.77788503;26.34873157;2;Increase;720;29.95017759;0
131;08/06/2019;2019;3419070;0;0;720;21.2;Male;27;39.7;15.22;2;Malarone;0.03337355;21.42857143;7;58.04237312;61.31160817;28.42837463;25.17244947;-2;Decrease;570;-3.269235053;2
131;08/06/2019;2019;3419071;2;1;740;19.4;Male;31;39.9;15.22;2;Malarone;0.047681883;30;7;101.2342522;107.3657609;26.30992321;23.15706781;-1;Decrease;530;-6.131508699;3
132;08/06/2019;2019;3419081;1;1;930;20.3;Female;37;38.5;15.22;2;Control;0.025095476;21.66666667;6;184.1442204;105.8528338;26.49154533;25.64385654;1;Increase;800;78.29138658;0
132;08/06/2019;2019;3419082;0;0;1000;24.1;Female;30;38.6;15.22;2;Control;0.037190592;33.33333333;6;200.1679499;120.1988867;31.4541198;28.07094313;-100;Uninfected;800;79.96906315;0
132;08/06/2019;2019;3419083;0;0;720;19.2;Female;39;39.5;15.22;2;Control;0.041885738;26.66666667;6;-8.331249869;56.11798208;25.23529163;22.53011359;-100;Uninfected;560;-64.44923195;0
133;14/06/2019;2019;3419116;3;1;875;24.7;Female;21;41.1;19.88;2;Control;0.01826191;15;7;67.4323893;17.46332615;32.32982688;28.50879667;0;Peak;770;49.96906315;3
133;14/06/2019;2019;3419117;3;1;750;25.1;Male;23;40.4;19.88;2;Control;0.016113642;11.42857143;7;43.90376791;11.31870442;33.77882856;29.98848571;0;Peak;670;32.58506349;3
133;14/06/2019;2019;3419118;3;1;670;21.3;Male;20;40;19.88;2;Control;0.018165025;11.42857143;7;6.81234073;-4.776329199;28.55229852;25.37821046;1;Increase;590;11.58866993;2
134;25/06/2019;2019;3419162;2;1;700;21.8;Male;11;41.3;26.13;2;Control;0.040698936;20.9375;16;30.747535;30.49397324;29.18221909;20.85476084;2;Increase;365;0.253561765;0
134;25/06/2019;2019;3419163;3;1;690;22.2;Male;11;41.6;26.13;2;Control;0.054175667;25;16;15.99501498;49.16490061;29.69866497;20.27756142;3;Increase;290;-33.16988563;0
135;13/06/2019;2019;3419183;2;1;810;21.7;Female;31;40.3;16.84;2;Malarone;0.026353856;20;5;43.16554069;28.71807389;28.20319993;25.7127913;-1;Decrease;710;14.44746679;3
136;14/06/2019;2019;3419187;2;1;880;23.9;Female;18;41.3;19.88;2;Control;0.016929965;14.16666667;6;82.78932851;7.820265354;31.16773328;27.92774988;2;Increase;795;74.96906315;0
136;14/06/2019;2019;3419189;3;1;840;22.1;Male;24;41.1;19.88;2;Control;0.011286362;9.166666667;6;167.1750685;-12.04410568;29.56850294;26.72014249;0;Peak;785;179.2191741;3
136;14/06/2019;2019;3419190;3;1;680;19;Male;32;41;19.88;2;Control;0.01810564;11.66666667;6;46.67989502;-17.39788614;25.86626295;23.17576036;2;Increase;610;64.07778116;1
137;21/06/2019;2019;3419237;0;0;940;23.5;Female;19;40.5;16.98;2;Malarone;0.036119334;30;7;148.098545;92.98574019;30.60334352;26.36538367;-2;Decrease;730;55.11280485;2
137;25/06/2019;2019;3419265;4;1;690;17.5;Female;16;40.5;26.13;2;Control;0.031103355;19.28571429;7;-9.168246718;-34.80557772;23.4262436;19.79690069;2;Increase;555;25.637331;2
137;25/06/2019;2019;3419266;3;1;675;16.4;Female;10;41.2;26.13;2;Control;0.03187765;19.28571429;7;-3.746919795;-43.44153604;22.32358989;18.72136414;0;Peak;540;39.69461625;3
138;25/06/2019;2019;3419272;2;1;655;18.4;Male;12;41.4;26.13;2;Control;0.069624825;27.5;16;30.06718361;41.11726659;25.21739757;16.25032696;2;Increase;215;-11.05008298;0
139;29/05/2020;2020;3419275;2;1;830;23.4;Male;33;39.4;14.12;2;Control;0.033065889;22.30769231;13;142.2349222;132.3109925;31.31565472;25.51431299;2;Increase;540;9.923929694;0
139;29/05/2020;2020;3419276;1;1;785;22.9;Male;22;40.2;14.12;2;Control;0.037838278;23.46153846;13;102.8805283;142.5416192;30.62953756;24.9255318;1;Increase;480;-39.66109094;0
139;29/05/2020;2020;3419277;2;1;670;19.2;Female;25;39.7;14.12;2;Control;0.028927017;16.15384615;13;-58.33124987;-24.86447484;25.23529163;20.05500877;-2;Decrease;460;-33.46677503;4
140;23/05/2020;2020;3419278;0;0;620;19.8;Male;27;39.6;13.94;2;Control;0.013270535;7.857142857;7;-24.10024723;-63.14050452;26.76299649;23.14019796;-2;Decrease;565;39.04025729;2
140;23/05/2020;2020;3419279;0;0;600;17.5;Male;22;40.8;13.94;2;Control;0.037957595;20;7;-11.82459571;-8.900129089;24.27789613;20.47818102;-100;Uninfected;460;-2.924466621;0
140;23/05/2020;2020;3419280;2;1;670;17.6;Female;19;40;13.94;2;Malarone;0.047641658;27.14285714;7;-30.96063682;-14.05597389;23.52880395;19.26314977;-2;Decrease;480;-16.90466293;4
141;23/05/2020;2020;3419281;0;0;890;21;Female;31;39.9;13.94;2;Malarone;0.020690135;17.14285714;7;133.4800258;12.05396557;27.33091006;24.10232205;-100;Uninfected;770;121.4260602;0
141;23/05/2020;2020;3419282;0;0;725;21.1;Male;31;41;13.94;2;Control;0.008107545;5.714285714;7;64.27822128;-45.72724763;28.30513045;25.15869339;-100;Uninfected;685;110.0054689;0
141;23/05/2020;2020;3419283;0;0;790;19.6;Male;34;40.2;13.94;2;Control;0.026771101;19.28571429;7;148.5533938;41.3905033;26.5352563;23.55811932;-100;Uninfected;655;107.1628905;0
142;23/05/2020;2020;3419284;0;0;795;17.5;Female;22;39;13.94;2;Malarone;0.046281725;31.42857143;7;95.83175328;53.26335992;23.4262436;19.8528062;-100;Uninfected;575;42.56839337;0
142;23/05/2020;2020;3419285;0;0;720;16.7;Female;36;39.4;13.94;2;Control;0.041097439;25.71428571;7;35.55086463;2.549343693;22.62008692;18.98961851;-100;Uninfected;540;33.00152094;0
143;23/05/2020;2020;3419286;3;1;850;22.3;Male;35;39;13.94;2;Control;0.022723528;17.85714286;7;174.8202651;43.07743101;29.82952995;26.45327397;0;Peak;725;131.7428341;3
143;23/05/2020;2020;3419287;0;0;790;24.5;Male;23;40.8;13.94;2;Malarone;0.005530645;4.285714286;7;90.22781995;-35.07999108;32.88684129;29.43158063;-1;Decrease;760;125.307811;1
144;23/05/2020;2020;3419289;3;1;850;25;Male;42;40.9;13.94;2;Malarone;0.013196189;10.71428571;7;144.947208;-3.703270763;33.62849166;29.47635385;0;Peak;775;148.6504788;3
144;23/05/2020;2020;3419290;4;1;750;22.9;Male;33;40.3;13.94;2;Control;0.005831714;4.285714286;7;67.8805283;-58.86230583;30.62953756;26.85327777;1;Increase;720;126.7428341;3
144;23/05/2020;2020;3419291;3;1;740;21.1;Male;28;40.1;13.94;2;Control;0.029960076;20;7;79.27822128;40.14058637;28.30513045;24.77692302;-1;Decrease;600;39.13763491;4
145;31/05/2020;2020;3419292;0;0;635;19.6;Male;NA;NA;14.7;2;Control;0.040537212;19.64285714;14;-6.446606161;-1.700167925;26.5352563;19.53127945;-100;Uninfected;360;-4.746438235;0
145;31/05/2020;2020;3419293;0;0;550;17.1;Female;NA;35.9;14.7;2;Control;0.03868552;16.42857143;14;-141.8947756;-132.5910303;23.02012951;16.14909674;-100;Uninfected;320;-9.303745232;0
146;31/05/2020;2020;3419294;1;1;810;21.9;Male;NA;37.5;14.7;2;Control;0.04041484;25;14;139.5512794;96.3996308;29.31028173;22.00533312;1;Increase;460;43.15164857;0
147;23/05/2020;2020;3419297;0;0;630;14;Female;33;40.3;13.94;2;Control;0.059824182;31.66666667;6;1.02459482;10.00840914;20.01586195;16.65973368;-100;Uninfected;440;-8.983814323;0
147;23/05/2020;2020;3419298;1;1;530;12.6;Male;48;40.1;13.94;2;Control;0.055450959;25;6;4.04025729;3.726841768;19.51739943;16.33004727;1;Increase;380;0.313415521;0
147;23/05/2020;2020;3419299;0;0;645;13.1;Female;26;39.4;13.94;2;Malarone;0.049244035;27.5;6;36.9258053;-41.25609472;19.15255987;15.41410497;-100;Uninfected;480;78.18190002;0
148;23/05/2020;2020;3419300;3;1;850;21.3;Male;38;36.7;13.94;2;Control;0.024227642;19.16666667;6;186.8123407;40.21398493;28.55229852;25.66814386;-1;Decrease;735;146.5983558;4
